experiment_version_id,experiment_id,project_id,organization_id,formula_lineage_group,main_resin_code,source_template_code,source_file,source_sheet,source_range,content_hash,permission_scope,data_nature,snapshot_purpose,generator_version,generated_seed
SYN-UVPU-APP-0001-V1,SYN-UVPU-APP-0001,SYNTH-UVPU-APPLICATION-PROJECT,SYNTHETIC-DEVELOPMENT,FLG-001,SJ-230,APPLICATION_TEST_REPORT_V1,UVPU_APPLICATION_FORMULATION_Synthetic_400_Shared_Process_Original_Report_V3.xlsx,APP-001,D8:D36,b16355380d8f2df78341457ce8eea6709c276ea7044b78371a2d41275eb15bb1,INTERNAL_TEST_ONLY,SYNTHETIC,DEVELOPMENT,2.0.1-pyarrow-repair,20260903
SYN-UVPU-APP-0011-V1,SYN-UVPU-APP-0011,SYNTH-UVPU-APPLICATION-PROJECT,SYNTHETIC-DEVELOPMENT,FLG-002,SJ-231,APPLICATION_TEST_REPORT_V1,UVPU_APPLICATION_FORMULATION_Synthetic_400_Shared_Process_Original_Report_V3.xlsx,APP-001,E8:E36,d5efbf01a90b1ccc510d7ff089fad5c83c414ae5c00abb7339e35af4de5617df,INTERNAL_TEST_ONLY,SYNTHETIC,DEVELOPMENT,2.0.1-pyarrow-repair,20260903
SYN-UVPU-APP-0021-V1,SYN-UVPU-APP-0021,SYNTH-UVPU-APPLICATION-PROJECT,SYNTHETIC-DEVELOPMENT,FLG-003,SJ-232,APPLICATION_TEST_REPORT_V1,UVPU_APPLICATION_FORMULATION_Synthetic_400_Shared_Process_Original_Report_V3.xlsx,APP-001,F8:F36,9904b2d0c5f87ca8d95fd175a8f913e053c25e2dd9b51277d31960efd109b231,INTERNAL_TEST_ONLY,SYNTHETIC,DEVELOPMENT,2.0.1-pyarrow-repair,20260903
SYN-UVPU-APP-0031-V1,SYN-UVPU-APP-0031,SYNTH-UVPU-APPLICATION-PROJECT,SYNTHETIC-DEVELOPMENT,FLG-004,SJ-230-WASHED,APPLICATION_TEST_REPORT_V1,UVPU_APPLICATION_FORMULATION_Synthetic_400_Shared_Process_Original_Report_V3.xlsx,APP-001,G8:G36,394b23b763562021822a38d2d29037878aa85f0bab8077dcf62a089ab2b747ec,INTERNAL_TEST_ONLY,SYNTHETIC,DEVELOPMENT,2.0.1-pyarrow-repair,20260903
SYN-UVPU-APP-0041-V1,SYN-UVPU-APP-0041,SYNTH-UVPU-APPLICATION-PROJECT,SYNTHETIC-DEVELOPMENT,FLG-005,SJ-231-WASHED,APPLICATION_TEST_REPORT_V1,UVPU_APPLICATION_FORMULATION_Synthetic_400_Shared_Process_Original_Report_V3.xlsx,APP-001,H8:H36,82c5843d79a815eba9ba514d32079de4984da8fa3e85955c4362e5fa899b8ee3,INTERNAL_TEST_ONLY,SYNTHETIC,DEVELOPMENT,2.0.1-pyarrow-repair,20260903
SYN-UVPU-APP-0051-V1,SYN-UVPU-APP-0051,SYNTH-UVPU-APPLICATION-PROJECT,SYNTHETIC-DEVELOPMENT,FLG-006,SJ-232-WASHED,APPLICATION_TEST_REPORT_V1,UVPU_APPLICATION_FORMULATION_Synthetic_400_Shared_Process_Original_Report_V3.xlsx,APP-001,I8:I36,d0fb1ed9d91162ec1e686eb7720fb983b0ed76f2e0fb2809cf8071076ddbe743,INTERNAL_TEST_ONLY,SYNTHETIC,DEVELOPMENT,2.0.1-pyarrow-repair,20260903
SYN-UVPU-APP-0061-V1,SYN-UVPU-APP-0061,SYNTH-UVPU-APPLICATION-PROJECT,SYNTHETIC-DEVELOPMENT,FLG-007,SJ-230,APPLICATION_TEST_REPORT_V1,UVPU_APPLICATION_FORMULATION_Synthetic_400_Shared_Process_Original_Report_V3.xlsx,APP-002,D8:D36,edfd01b069909826e50f4fae22a103600cae6465f75517f938221584312f91a4,INTERNAL_TEST_ONLY,SYNTHETIC,DEVELOPMENT,2.0.1-pyarrow-repair,20260903
SYN-UVPU-APP-0071-V1,SYN-UVPU-APP-0071,SYNTH-UVPU-APPLICATION-PROJECT,SYNTHETIC-DEVELOPMENT,FLG-008,SJ-231,APPLICATION_TEST_REPORT_V1,UVPU_APPLICATION_FORMULATION_Synthetic_400_Shared_Process_Original_Report_V3.xlsx,APP-002,E8:E36,a22b5fde7be9c780bf06602ffa297012fa5689d3d01629d1d0f73a0cb62633dc,INTERNAL_TEST_ONLY,SYNTHETIC,DEVELOPMENT,2.0.1-pyarrow-repair,20260903
SYN-UVPU-APP-0081-V1,SYN-UVPU-APP-0081,SYNTH-UVPU-APPLICATION-PROJECT,SYNTHETIC-DEVELOPMENT,FLG-009,SJ-232,APPLICATION_TEST_REPORT_V1,UVPU_APPLICATION_FORMULATION_Synthetic_400_Shared_Process_Original_Report_V3.xlsx,APP-002,F8:F36,aa3d1ef29b11d53e6b8aaf6dff63bc701e2cf90b95c15df99d23eee3da54886c,INTERNAL_TEST_ONLY,SYNTHETIC,DEVELOPMENT,2.0.1-pyarrow-repair,20260903
SYN-UVPU-APP-0091-V1,SYN-UVPU-APP-0091,SYNTH-UVPU-APPLICATION-PROJECT,SYNTHETIC-DEVELOPMENT,FLG-010,SJ-230-WASHED,APPLICATION_TEST_REPORT_V1,UVPU_APPLICATION_FORMULATION_Synthetic_400_Shared_Process_Original_Report_V3.xlsx,APP-002,G8:G36,1bb45f4fee22d0f63c67d95785ba02d4c9446b492d2c8139f4d78169b1961c99,INTERNAL_TEST_ONLY,SYNTHETIC,DEVELOPMENT,2.0.1-pyarrow-repair,20260903
SYN-UVPU-APP-0101-V1,SYN-UVPU-APP-0101,SYNTH-UVPU-APPLICATION-PROJECT,SYNTHETIC-DEVELOPMENT,FLG-011,SJ-231-WASHED,APPLICATION_TEST_REPORT_V1,UVPU_APPLICATION_FORMULATION_Synthetic_400_Shared_Process_Original_Report_V3.xlsx,APP-002,H8:H36,03d3350b4327e22e34fc9a3f55aaebc10eef3df0993cd144c414557c1110e2da,INTERNAL_TEST_ONLY,SYNTHETIC,DEVELOPMENT,2.0.1-pyarrow-repair,20260903
SYN-UVPU-APP-0111-V1,SYN-UVPU-APP-0111,SYNTH-UVPU-APPLICATION-PROJECT,SYNTHETIC-DEVELOPMENT,FLG-012,SJ-232-WASHED,APPLICATION_TEST_REPORT_V1,UVPU_APPLICATION_FORMULATION_Synthetic_400_Shared_Process_Original_Report_V3.xlsx,APP-002,I8:I36,b0ef414a0d845c1032ad1f48115304a333b4627fff2c94778db73cb929dfe615,INTERNAL_TEST_ONLY,SYNTHETIC,DEVELOPMENT,2.0.1-pyarrow-repair,20260903
SYN-UVPU-APP-0121-V1,SYN-UVPU-APP-0121,SYNTH-UVPU-APPLICATION-PROJECT,SYNTHETIC-DEVELOPMENT,FLG-013,SJ-230,APPLICATION_TEST_REPORT_V1,UVPU_APPLICATION_FORMULATION_Synthetic_400_Shared_Process_Original_Report_V3.xlsx,APP-003,D8:D36,b7239022ee31f75b43c7eae55fdbfb42dd51587639f79afd440e520cc71df934,INTERNAL_TEST_ONLY,SYNTHETIC,DEVELOPMENT,2.0.1-pyarrow-repair,20260903
SYN-UVPU-APP-0131-V1,SYN-UVPU-APP-0131,SYNTH-UVPU-APPLICATION-PROJECT,SYNTHETIC-DEVELOPMENT,FLG-014,SJ-231,APPLICATION_TEST_REPORT_V1,UVPU_APPLICATION_FORMULATION_Synthetic_400_Shared_Process_Original_Report_V3.xlsx,APP-003,E8:E36,5b8042dafc32796de901aeec59297d60a00791cb59a11e2445d00fb37b4a8fcd,INTERNAL_TEST_ONLY,SYNTHETIC,DEVELOPMENT,2.0.1-pyarrow-repair,20260903
SYN-UVPU-APP-0141-V1,SYN-UVPU-APP-0141,SYNTH-UVPU-APPLICATION-PROJECT,SYNTHETIC-DEVELOPMENT,FLG-015,SJ-232,APPLICATION_TEST_REPORT_V1,UVPU_APPLICATION_FORMULATION_Synthetic_400_Shared_Process_Original_Report_V3.xlsx,APP-003,F8:F36,db4f4a812d423c04273210e3e61204ffaf5f2512ef82178396b12a2254172c8d,INTERNAL_TEST_ONLY,SYNTHETIC,DEVELOPMENT,2.0.1-pyarrow-repair,20260903
SYN-UVPU-APP-0151-V1,SYN-UVPU-APP-0151,SYNTH-UVPU-APPLICATION-PROJECT,SYNTHETIC-DEVELOPMENT,FLG-016,SJ-230-WASHED,APPLICATION_TEST_REPORT_V1,UVPU_APPLICATION_FORMULATION_Synthetic_400_Shared_Process_Original_Report_V3.xlsx,APP-003,G8:G36,853c7525c43656f647e4df5d04a065c629f330f190c50d013545d55291837510,INTERNAL_TEST_ONLY,SYNTHETIC,DEVELOPMENT,2.0.1-pyarrow-repair,20260903
SYN-UVPU-APP-0161-V1,SYN-UVPU-APP-0161,SYNTH-UVPU-APPLICATION-PROJECT,SYNTHETIC-DEVELOPMENT,FLG-017,SJ-231-WASHED,APPLICATION_TEST_REPORT_V1,UVPU_APPLICATION_FORMULATION_Synthetic_400_Shared_Process_Original_Report_V3.xlsx,APP-003,H8:H36,123f97a85473abc0a7ca5ac0aa5667b914a69a28a5759ad96b5f140b3dd20099,INTERNAL_TEST_ONLY,SYNTHETIC,DEVELOPMENT,2.0.1-pyarrow-repair,20260903
SYN-UVPU-APP-0171-V1,SYN-UVPU-APP-0171,SYNTH-UVPU-APPLICATION-PROJECT,SYNTHETIC-DEVELOPMENT,FLG-018,SJ-232-WASHED,APPLICATION_TEST_REPORT_V1,UVPU_APPLICATION_FORMULATION_Synthetic_400_Shared_Process_Original_Report_V3.xlsx,APP-003,I8:I36,6e71676dae314635c4410e20be8be9dbc377611c68575f833c1fed325067bc0c,INTERNAL_TEST_ONLY,SYNTHETIC,DEVELOPMENT,2.0.1-pyarrow-repair,20260903
SYN-UVPU-APP-0181-V1,SYN-UVPU-APP-0181,SYNTH-UVPU-APPLICATION-PROJECT,SYNTHETIC-DEVELOPMENT,FLG-019,SJ-230,APPLICATION_TEST_REPORT_V1,UVPU_APPLICATION_FORMULATION_Synthetic_400_Shared_Process_Original_Report_V3.xlsx,APP-004,D8:D36,ce77dfd738fadde7fb0e470907b90832862408bd08d0e98f499c31275dd5be58,INTERNAL_TEST_ONLY,SYNTHETIC,DEVELOPMENT,2.0.1-pyarrow-repair,20260903
SYN-UVPU-APP-0191-V1,SYN-UVPU-APP-0191,SYNTH-UVPU-APPLICATION-PROJECT,SYNTHETIC-DEVELOPMENT,FLG-020,SJ-231,APPLICATION_TEST_REPORT_V1,UVPU_APPLICATION_FORMULATION_Synthetic_400_Shared_Process_Original_Report_V3.xlsx,APP-004,E8:E36,0d76691c25f012171b8edfd621e07b7e77fe39b79737d9a808505ef558ca8701,INTERNAL_TEST_ONLY,SYNTHETIC,DEVELOPMENT,2.0.1-pyarrow-repair,20260903
SYN-UVPU-APP-0201-V1,SYN-UVPU-APP-0201,SYNTH-UVPU-APPLICATION-PROJECT,SYNTHETIC-DEVELOPMENT,FLG-021,SJ-232,APPLICATION_TEST_REPORT_V1,UVPU_APPLICATION_FORMULATION_Synthetic_400_Shared_Process_Original_Report_V3.xlsx,APP-004,F8:F36,d969e058502f6350ca054a95a5892dd8b3039a24c5a9937e3be451527441eaa6,INTERNAL_TEST_ONLY,SYNTHETIC,DEVELOPMENT,2.0.1-pyarrow-repair,20260903
SYN-UVPU-APP-0211-V1,SYN-UVPU-APP-0211,SYNTH-UVPU-APPLICATION-PROJECT,SYNTHETIC-DEVELOPMENT,FLG-022,SJ-230-WASHED,APPLICATION_TEST_REPORT_V1,UVPU_APPLICATION_FORMULATION_Synthetic_400_Shared_Process_Original_Report_V3.xlsx,APP-004,G8:G36,31567c31841c0c71249ed3ccd21b4820cabea3b61c169d3a9bc63ff053ce7bfe,INTERNAL_TEST_ONLY,SYNTHETIC,DEVELOPMENT,2.0.1-pyarrow-repair,20260903
SYN-UVPU-APP-0221-V1,SYN-UVPU-APP-0221,SYNTH-UVPU-APPLICATION-PROJECT,SYNTHETIC-DEVELOPMENT,FLG-023,SJ-231-WASHED,APPLICATION_TEST_REPORT_V1,UVPU_APPLICATION_FORMULATION_Synthetic_400_Shared_Process_Original_Report_V3.xlsx,APP-004,H8:H36,2fc3fd68bde9c66f715ea90f918e54f9ac7f33f568af0a3a86f5336ef00cfcaa,INTERNAL_TEST_ONLY,SYNTHETIC,DEVELOPMENT,2.0.1-pyarrow-repair,20260903
SYN-UVPU-APP-0231-V1,SYN-UVPU-APP-0231,SYNTH-UVPU-APPLICATION-PROJECT,SYNTHETIC-DEVELOPMENT,FLG-024,SJ-232-WASHED,APPLICATION_TEST_REPORT_V1,UVPU_APPLICATION_FORMULATION_Synthetic_400_Shared_Process_Original_Report_V3.xlsx,APP-004,I8:I36,bc5b7d7a8baa2d4c2bf2031987e4dd777b15d0c8f60ff0775f57c515b7561595,INTERNAL_TEST_ONLY,SYNTHETIC,DEVELOPMENT,2.0.1-pyarrow-repair,20260903
SYN-UVPU-APP-0241-V1,SYN-UVPU-APP-0241,SYNTH-UVPU-APPLICATION-PROJECT,SYNTHETIC-DEVELOPMENT,FLG-025,SJ-230,APPLICATION_TEST_REPORT_V1,UVPU_APPLICATION_FORMULATION_Synthetic_400_Shared_Process_Original_Report_V3.xlsx,APP-005,D8:D36,bb82b2c29e544fb91fd515e01b016fe06cc3adb435a7ac647ea7705b8ce646fb,INTERNAL_TEST_ONLY,SYNTHETIC,DEVELOPMENT,2.0.1-pyarrow-repair,20260903
SYN-UVPU-APP-0251-V1,SYN-UVPU-APP-0251,SYNTH-UVPU-APPLICATION-PROJECT,SYNTHETIC-DEVELOPMENT,FLG-026,SJ-231,APPLICATION_TEST_REPORT_V1,UVPU_APPLICATION_FORMULATION_Synthetic_400_Shared_Process_Original_Report_V3.xlsx,APP-005,E8:E36,47e5bafc904f0d5e01a5be035724714c48856dec50021b89e1b93b377db5647d,INTERNAL_TEST_ONLY,SYNTHETIC,DEVELOPMENT,2.0.1-pyarrow-repair,20260903
SYN-UVPU-APP-0261-V1,SYN-UVPU-APP-0261,SYNTH-UVPU-APPLICATION-PROJECT,SYNTHETIC-DEVELOPMENT,FLG-027,SJ-232,APPLICATION_TEST_REPORT_V1,UVPU_APPLICATION_FORMULATION_Synthetic_400_Shared_Process_Original_Report_V3.xlsx,APP-005,F8:F36,2a3923148dc6add12a9cbac05496c1cd70878584458bbca50212008279ba6930,INTERNAL_TEST_ONLY,SYNTHETIC,DEVELOPMENT,2.0.1-pyarrow-repair,20260903
SYN-UVPU-APP-0271-V1,SYN-UVPU-APP-0271,SYNTH-UVPU-APPLICATION-PROJECT,SYNTHETIC-DEVELOPMENT,FLG-028,SJ-230-WASHED,APPLICATION_TEST_REPORT_V1,UVPU_APPLICATION_FORMULATION_Synthetic_400_Shared_Process_Original_Report_V3.xlsx,APP-005,G8:G36,fcd016f8d922f6980a40c75485234248f6a5a7c1ca856da4f0f271edf7580700,INTERNAL_TEST_ONLY,SYNTHETIC,DEVELOPMENT,2.0.1-pyarrow-repair,20260903
SYN-UVPU-APP-0281-V1,SYN-UVPU-APP-0281,SYNTH-UVPU-APPLICATION-PROJECT,SYNTHETIC-DEVELOPMENT,FLG-029,SJ-231-WASHED,APPLICATION_TEST_REPORT_V1,UVPU_APPLICATION_FORMULATION_Synthetic_400_Shared_Process_Original_Report_V3.xlsx,APP-005,H8:H36,4a030a607affc5fa4463ec5d21beacaa574b3eb759dbc45aaac66823538d851b,INTERNAL_TEST_ONLY,SYNTHETIC,DEVELOPMENT,2.0.1-pyarrow-repair,20260903
SYN-UVPU-APP-0291-V1,SYN-UVPU-APP-0291,SYNTH-UVPU-APPLICATION-PROJECT,SYNTHETIC-DEVELOPMENT,FLG-030,SJ-232-WASHED,APPLICATION_TEST_REPORT_V1,UVPU_APPLICATION_FORMULATION_Synthetic_400_Shared_Process_Original_Report_V3.xlsx,APP-005,I8:I36,e24fde2f69caea3cb1d644a85bc455431288deaeb9c459cd0432eaa63214f205,INTERNAL_TEST_ONLY,SYNTHETIC,DEVELOPMENT,2.0.1-pyarrow-repair,20260903
SYN-UVPU-APP-0301-V1,SYN-UVPU-APP-0301,SYNTH-UVPU-APPLICATION-PROJECT,SYNTHETIC-DEVELOPMENT,FLG-031,SJ-230,APPLICATION_TEST_REPORT_V1,UVPU_APPLICATION_FORMULATION_Synthetic_400_Shared_Process_Original_Report_V3.xlsx,APP-006,D8:D36,cbe06e8290687742b3f693003047917526a4b377dfb007fedea38adcc53c8294,INTERNAL_TEST_ONLY,SYNTHETIC,DEVELOPMENT,2.0.1-pyarrow-repair,20260903
SYN-UVPU-APP-0311-V1,SYN-UVPU-APP-0311,SYNTH-UVPU-APPLICATION-PROJECT,SYNTHETIC-DEVELOPMENT,FLG-032,SJ-231,APPLICATION_TEST_REPORT_V1,UVPU_APPLICATION_FORMULATION_Synthetic_400_Shared_Process_Original_Report_V3.xlsx,APP-006,E8:E36,7c7f7e1070fd5d3b90568f6558650f42ebe8ad9f9ef70789052a862a51432fc9,INTERNAL_TEST_ONLY,SYNTHETIC,DEVELOPMENT,2.0.1-pyarrow-repair,20260903
SYN-UVPU-APP-0321-V1,SYN-UVPU-APP-0321,SYNTH-UVPU-APPLICATION-PROJECT,SYNTHETIC-DEVELOPMENT,FLG-033,SJ-232,APPLICATION_TEST_REPORT_V1,UVPU_APPLICATION_FORMULATION_Synthetic_400_Shared_Process_Original_Report_V3.xlsx,APP-006,F8:F36,14f34379bd3b1e1e0fc831e6b9112b3696a0f21dce1308811b35f4348e2ab728,INTERNAL_TEST_ONLY,SYNTHETIC,DEVELOPMENT,2.0.1-pyarrow-repair,20260903
SYN-UVPU-APP-0331-V1,SYN-UVPU-APP-0331,SYNTH-UVPU-APPLICATION-PROJECT,SYNTHETIC-DEVELOPMENT,FLG-034,SJ-230-WASHED,APPLICATION_TEST_REPORT_V1,UVPU_APPLICATION_FORMULATION_Synthetic_400_Shared_Process_Original_Report_V3.xlsx,APP-006,G8:G36,b5e49c2305f8bc0639b927f54f52777badd04a90ce972cb1924ee8427026c30d,INTERNAL_TEST_ONLY,SYNTHETIC,DEVELOPMENT,2.0.1-pyarrow-repair,20260903
SYN-UVPU-APP-0341-V1,SYN-UVPU-APP-0341,SYNTH-UVPU-APPLICATION-PROJECT,SYNTHETIC-DEVELOPMENT,FLG-035,SJ-231-WASHED,APPLICATION_TEST_REPORT_V1,UVPU_APPLICATION_FORMULATION_Synthetic_400_Shared_Process_Original_Report_V3.xlsx,APP-006,H8:H36,9c7ebed1b5c265610c4d9d79677ab61145c5fca93149800f8af8b7aac0024bf8,INTERNAL_TEST_ONLY,SYNTHETIC,DEVELOPMENT,2.0.1-pyarrow-repair,20260903
SYN-UVPU-APP-0351-V1,SYN-UVPU-APP-0351,SYNTH-UVPU-APPLICATION-PROJECT,SYNTHETIC-DEVELOPMENT,FLG-036,SJ-232-WASHED,APPLICATION_TEST_REPORT_V1,UVPU_APPLICATION_FORMULATION_Synthetic_400_Shared_Process_Original_Report_V3.xlsx,APP-006,I8:I36,da17e4c2b7f0f729ce30b600f1b67dd51e727d846b5ce18b56e48db834955cc6,INTERNAL_TEST_ONLY,SYNTHETIC,DEVELOPMENT,2.0.1-pyarrow-repair,20260903
SYN-UVPU-APP-0361-V1,SYN-UVPU-APP-0361,SYNTH-UVPU-APPLICATION-PROJECT,SYNTHETIC-DEVELOPMENT,FLG-037,SJ-230,APPLICATION_TEST_REPORT_V1,UVPU_APPLICATION_FORMULATION_Synthetic_400_Shared_Process_Original_Report_V3.xlsx,APP-007,D8:D36,adbb6c1be28afa5e666c7e8507141c6a1cb713fdd1ed4e9d40f627926d88208a,INTERNAL_TEST_ONLY,SYNTHETIC,DEVELOPMENT,2.0.1-pyarrow-repair,20260903
SYN-UVPU-APP-0371-V1,SYN-UVPU-APP-0371,SYNTH-UVPU-APPLICATION-PROJECT,SYNTHETIC-DEVELOPMENT,FLG-038,SJ-231,APPLICATION_TEST_REPORT_V1,UVPU_APPLICATION_FORMULATION_Synthetic_400_Shared_Process_Original_Report_V3.xlsx,APP-007,E8:E36,cdbcbbb6a2aae73b00b2c0a3e1910fd28ca7e72b8061c3efa434c9856c5a343f,INTERNAL_TEST_ONLY,SYNTHETIC,DEVELOPMENT,2.0.1-pyarrow-repair,20260903
SYN-UVPU-APP-0381-V1,SYN-UVPU-APP-0381,SYNTH-UVPU-APPLICATION-PROJECT,SYNTHETIC-DEVELOPMENT,FLG-039,SJ-232,APPLICATION_TEST_REPORT_V1,UVPU_APPLICATION_FORMULATION_Synthetic_400_Shared_Process_Original_Report_V3.xlsx,APP-007,F8:F36,c0339da934f7242937e40b9157839016f2882499ff42fc22aa83e90faf919271,INTERNAL_TEST_ONLY,SYNTHETIC,DEVELOPMENT,2.0.1-pyarrow-repair,20260903
SYN-UVPU-APP-0391-V1,SYN-UVPU-APP-0391,SYNTH-UVPU-APPLICATION-PROJECT,SYNTHETIC-DEVELOPMENT,FLG-040,SJ-230-WASHED,APPLICATION_TEST_REPORT_V1,UVPU_APPLICATION_FORMULATION_Synthetic_400_Shared_Process_Original_Report_V3.xlsx,APP-007,G8:G36,132f707ce374d1d31a97faa6818466e629f15941261f90efbad362b65c027c0a,INTERNAL_TEST_ONLY,SYNTHETIC,DEVELOPMENT,2.0.1-pyarrow-repair,20260903
SYN-UVPU-APP-0002-V1,SYN-UVPU-APP-0002,SYNTH-UVPU-APPLICATION-PROJECT,SYNTHETIC-DEVELOPMENT,FLG-001,SJ-230,APPLICATION_TEST_REPORT_V1,UVPU_APPLICATION_FORMULATION_Synthetic_400_Shared_Process_Original_Report_V3.xlsx,APP-007,H8:H36,9bb452d7256dc213428b6c14d952bf1feb12b24a14b079e5848b3c085e0146e2,INTERNAL_TEST_ONLY,SYNTHETIC,DEVELOPMENT,2.0.1-pyarrow-repair,20260903
SYN-UVPU-APP-0012-V1,SYN-UVPU-APP-0012,SYNTH-UVPU-APPLICATION-PROJECT,SYNTHETIC-DEVELOPMENT,FLG-002,SJ-231,APPLICATION_TEST_REPORT_V1,UVPU_APPLICATION_FORMULATION_Synthetic_400_Shared_Process_Original_Report_V3.xlsx,APP-007,I8:I36,09504046e116ca3c07834ffe8bb0e31be193bf7b5958dfd57fa7a388c9a4257f,INTERNAL_TEST_ONLY,SYNTHETIC,DEVELOPMENT,2.0.1-pyarrow-repair,20260903
SYN-UVPU-APP-0022-V1,SYN-UVPU-APP-0022,SYNTH-UVPU-APPLICATION-PROJECT,SYNTHETIC-DEVELOPMENT,FLG-003,SJ-232,APPLICATION_TEST_REPORT_V1,UVPU_APPLICATION_FORMULATION_Synthetic_400_Shared_Process_Original_Report_V3.xlsx,APP-008,D8:D36,3d7865ce40769425e0dba7a99030c697da5529c9329a1d743dc8d994da81291f,INTERNAL_TEST_ONLY,SYNTHETIC,DEVELOPMENT,2.0.1-pyarrow-repair,20260903
SYN-UVPU-APP-0032-V1,SYN-UVPU-APP-0032,SYNTH-UVPU-APPLICATION-PROJECT,SYNTHETIC-DEVELOPMENT,FLG-004,SJ-230-WASHED,APPLICATION_TEST_REPORT_V1,UVPU_APPLICATION_FORMULATION_Synthetic_400_Shared_Process_Original_Report_V3.xlsx,APP-008,E8:E36,bf4d2a39aba4036c5ba16820eed1ff48c8bcc3d5cd44c3d8a0f2ba1667723c3e,INTERNAL_TEST_ONLY,SYNTHETIC,DEVELOPMENT,2.0.1-pyarrow-repair,20260903
SYN-UVPU-APP-0042-V1,SYN-UVPU-APP-0042,SYNTH-UVPU-APPLICATION-PROJECT,SYNTHETIC-DEVELOPMENT,FLG-005,SJ-231-WASHED,APPLICATION_TEST_REPORT_V1,UVPU_APPLICATION_FORMULATION_Synthetic_400_Shared_Process_Original_Report_V3.xlsx,APP-008,F8:F36,cc7abae6efa0fd0538fbf6747bc8fbbc4a5480815004aa98ebaa99167170f483,INTERNAL_TEST_ONLY,SYNTHETIC,DEVELOPMENT,2.0.1-pyarrow-repair,20260903
SYN-UVPU-APP-0052-V1,SYN-UVPU-APP-0052,SYNTH-UVPU-APPLICATION-PROJECT,SYNTHETIC-DEVELOPMENT,FLG-006,SJ-232-WASHED,APPLICATION_TEST_REPORT_V1,UVPU_APPLICATION_FORMULATION_Synthetic_400_Shared_Process_Original_Report_V3.xlsx,APP-008,G8:G36,52b5a84eaadbacc7ba7a2cbd9fb6820d92127cafbbe24dfcd4b1294335161a8a,INTERNAL_TEST_ONLY,SYNTHETIC,DEVELOPMENT,2.0.1-pyarrow-repair,20260903
SYN-UVPU-APP-0062-V1,SYN-UVPU-APP-0062,SYNTH-UVPU-APPLICATION-PROJECT,SYNTHETIC-DEVELOPMENT,FLG-007,SJ-230,APPLICATION_TEST_REPORT_V1,UVPU_APPLICATION_FORMULATION_Synthetic_400_Shared_Process_Original_Report_V3.xlsx,APP-008,H8:H36,cddd9da8761bb790d9b8af84fce709d264016819ce8521d8585843c40ffb6756,INTERNAL_TEST_ONLY,SYNTHETIC,DEVELOPMENT,2.0.1-pyarrow-repair,20260903
SYN-UVPU-APP-0072-V1,SYN-UVPU-APP-0072,SYNTH-UVPU-APPLICATION-PROJECT,SYNTHETIC-DEVELOPMENT,FLG-008,SJ-231,APPLICATION_TEST_REPORT_V1,UVPU_APPLICATION_FORMULATION_Synthetic_400_Shared_Process_Original_Report_V3.xlsx,APP-008,I8:I36,3a3f60798926a4a5dba8717f6656b15ee8e1ebefccc0da3bd8543177b6d98365,INTERNAL_TEST_ONLY,SYNTHETIC,DEVELOPMENT,2.0.1-pyarrow-repair,20260903
SYN-UVPU-APP-0082-V1,SYN-UVPU-APP-0082,SYNTH-UVPU-APPLICATION-PROJECT,SYNTHETIC-DEVELOPMENT,FLG-009,SJ-232,APPLICATION_TEST_REPORT_V1,UVPU_APPLICATION_FORMULATION_Synthetic_400_Shared_Process_Original_Report_V3.xlsx,APP-009,D8:D36,f18af102514064f12941bfc0ac81d905bf116798840a4a7603ea469ca09de6bb,INTERNAL_TEST_ONLY,SYNTHETIC,DEVELOPMENT,2.0.1-pyarrow-repair,20260903
SYN-UVPU-APP-0092-V1,SYN-UVPU-APP-0092,SYNTH-UVPU-APPLICATION-PROJECT,SYNTHETIC-DEVELOPMENT,FLG-010,SJ-230-WASHED,APPLICATION_TEST_REPORT_V1,UVPU_APPLICATION_FORMULATION_Synthetic_400_Shared_Process_Original_Report_V3.xlsx,APP-009,E8:E36,c5cbb020877376fd5408b92e1edcd8be2df65bed5ace9dc249a375c462db3342,INTERNAL_TEST_ONLY,SYNTHETIC,DEVELOPMENT,2.0.1-pyarrow-repair,20260903
